County,Total Population,Total Families,Total Households,Population in Families,Population in Households,Family: Under Eightteen years,House: Under Eightteen years,Family: Eighteen years and over,House: Eighteen years and over,Average Family Size,Average Household Size,Family: Under Eightteen years,House: Under Eightteen years,Family: Eighteen years and over,White alone,Black or African American alone,American Indian and Alaska Native alone,Asian alone,Native Hawaiian/Other Pacific Islander alone,Some Other Race alone,Two or More Races,Hispanic or Latino (Any race),"White alone, not Hispanic"
Anderson County,58458.0,12158.0,17218.0,37417.0,44241.0,11297.0,11471.0,26120.0,32770.0,3.08,2.57,0.93,0.67,2.15,13660.0,2437.0,92.0,68.0,22.0,735.0,220.0,1534.0,12958.0
Andrews County,14786.0,3976.0,5259.0,12922.0,14704.0,4263.0,4312.0,8659.0,10392.0,3.25,2.8,1.07,0.82,2.18,4315.0,76.0,51.0,31.0,1.0,707.0,78.0,2117.0,2973.0
Angelina County,86771.0,22429.0,31090.0,71618.0,83818.0,22794.0,23170.0,48824.0,60648.0,3.19,2.7,1.02,0.75,2.18,23686.0,4624.0,149.0,243.0,15.0,2045.0,338.0,4108.0,21841.0
Aransas County,23158.0,6536.0,9795.0,18281.0,22699.0,4405.0,4519.0,13876.0,18180.0,2.8,2.32,0.67,0.46,2.12,8826.0,106.0,80.0,154.0,1.0,465.0,163.0,1692.0,7684.0
Archer County,9054.0,2597.0,3538.0,7786.0,8998.0,2153.0,2185.0,5633.0,6813.0,3.0,2.54,0.83,0.62,2.17,3376.0,10.0,25.0,15.0,3.0,83.0,37.0,173.0,3295.0
Armstrong County,1901.0,560.0,751.0,1600.0,1847.0,414.0,423.0,1186.0,1424.0,2.86,2.46,0.74,0.56,2.12,721.0,1.5,10.0,0.0,0.0,19.0,12.0,25.0,714.0
Atascosa County,44911.0,11543.0,15246.0,38985.0,44527.0,12693.0,12862.0,26292.0,31665.0,3.38,2.92,1.1,0.84,2.28,13173.0,103.0,136.0,40.0,35.0,1449.0,337.0,8293.0,6650.0
Austin County,28417.0,7866.0,10837.0,24069.0,28205.0,6991.0,7108.0,17078.0,21097.0,3.06,2.6,0.89,0.66,2.17,8891.0,1023.0,51.0,41.0,2.0,686.0,144.0,1734.0,7929.0
Bailey County,7165.0,1832.0,2468.0,6166.0,7059.0,2167.0,2216.0,3999.0,4843.0,3.37,2.86,1.18,0.9,2.18,1947.0,27.0,27.0,10.0,3.0,412.0,43.0,1190.0,1230.0
Bandera County,20485.0,5912.0,8564.0,16609.0,20165.0,3812.0,3916.0,12797.0,16249.0,2.81,2.35,0.64,0.46,2.16,8076.0,32.0,73.0,14.0,2.0,251.0,117.0,1062.0,7310.0
Bastrop County,74171.0,18721.0,25840.0,61102.0,71834.0,19106.0,19443.0,41996.0,52391.0,3.26,2.78,1.02,0.75,2.24,20541.0,1959.0,235.0,137.0,18.0,2451.0,499.0,5781.0,17558.0
Baylor County,3726.0,1039.0,1669.0,2899.0,3661.0,756.0,768.0,2143.0,2893.0,2.79,2.19,0.73,0.46,2.06,1551.0,36.0,1.8,1.0,2.0,53.0,21.0,132.0,1478.0
Bee County,31861.0,6346.0,9042.0,20485.0,24362.0,6771.0,6922.0,13714.0,17440.0,3.23,2.69,1.07,0.77,2.16,7559.0,174.0,68.0,50.0,15.0,989.0,197.0,5079.0,3654.0
Bell County,310235.0,80449.0,114035.0,253527.0,302156.0,86530.0,87962.0,166997.0,214194.0,3.15,2.65,1.08,0.77,2.08,74188.0,24677.0,887.0,2923.0,692.0,7353.0,3315.0,19332.0,64379.0
Bexar County,1714773.0,416356.0,608931.0,1387901.0,1672772.0,457066.0,463862.0,930835.0,1208910.0,3.33,2.75,1.1,0.76,2.24,456741.0,48986.0,5135.0,13787.0,706.0,66765.0,16811.0,312063.0,227648.0
Blanco County,10497.0,3007.0,4309.0,8691.0,10391.0,2248.0,2294.0,6443.0,8097.0,2.89,2.41,0.75,0.53,2.14,4015.0,23.0,33.0,13.0,1.67,167.0,55.0,542.0,3668.0
Borden County,641.0,190.0,264.0,549.0,641.0,138.0,138.0,411.0,503.0,2.89,2.43,0.73,0.52,2.16,251.0,0.0,0.0,0.0,0.0,26.0,16.0,28.0,235.0
Bosque County,18212.0,5081.0,7254.0,15086.0,17883.0,4100.0,4171.0,10986.0,13712.0,2.97,2.47,0.81,0.57,2.16,6738.0,108.0,46.0,14.0,2.0,262.0,85.0,725.0,6316.0
Bowie County,92565.0,23615.0,34669.0,71676.0,86359.0,22077.0,22422.0,49599.0,63937.0,3.04,2.49,0.93,0.65,2.1,25179.0,7998.0,264.0,205.0,15.0,576.0,432.0,1124.0,24747.0
Brazoria County,313166.0,80641.0,106589.0,264397.0,302607.0,85402.0,86709.0,178995.0,215898.0,3.28,2.84,1.06,0.81,2.22,79353.0,12246.0,607.0,4930.0,31.0,7650.0,1772.0,22796.0,65280.0
Brazos County,194851.0,38399.0,71739.0,120833.0,181339.0,39109.0,39661.0,81724.0,141678.0,3.15,2.53,1.02,0.55,2.13,54551.0,7541.0,326.0,3860.0,32.0,4157.0,1272.0,12455.0,46954.0
Brewster County,9232.0,2329.0,4207.0,6738.0,9157.0,1847.0,1874.0,4891.0,7283.0,2.89,2.18,0.79,0.45,2.1,3747.0,47.0,46.0,23.0,2.0,245.0,95.0,1461.0,2617.0
Briscoe County,1637.0,483.0,692.0,1386.0,1637.0,356.0,362.0,1030.0,1275.0,2.87,2.37,0.74,0.52,2.13,626.0,18.0,2.0,0.0,0.0,37.0,32.0,120.0,548.0
Brooks County,7223.0,1873.0,2642.0,6129.0,7156.0,1991.0,2005.0,4138.0,5151.0,3.27,2.71,1.06,0.76,2.21,2357.0,12.0,26.0,15.0,1.0,219.0,38.0,2377.0,248.0
Brown County,38106.0,10105.0,14778.0,29934.0,36438.0,8688.0,8971.0,21246.0,27467.0,2.96,2.47,0.86,0.61,2.1,13231.0,440.0,94.0,47.0,2.25,756.0,206.0,2069.0,12001.0
Burleson County,17187.0,4743.0,6822.0,14241.0,17024.0,3953.0,4045.0,10288.0,12979.0,3.0,2.5,0.83,0.59,2.17,5537.0,829.0,34.0,13.0,1.0,330.0,78.0,866.0,5048.0
Burnet County,42750.0,11848.0,16511.0,35233.0,41691.0,9769.0,9912.0,25464.0,31779.0,2.97,2.53,0.82,0.6,2.15,15170.0,182.0,112.0,62.0,18.0,755.0,224.0,2137.0,13895.0
Caldwell County,38066.0,8904.0,12301.0,29578.0,34690.0,9425.0,9606.0,20153.0,25084.0,3.32,2.82,1.06,0.78,2.26,9788.0,743.0,99.0,42.0,2.25,1400.0,225.0,4634.0,6751.0
Calhoun County,21381.0,5613.0,7766.0,17990.0,21132.0,5576.0,5669.0,12414.0,15463.0,3.21,2.72,0.99,0.73,2.21,6556.0,227.0,41.0,274.0,2.0,532.0,134.0,2843.0,4356.0
Callahan County,13544.0,3893.0,5447.0,11374.0,13469.0,3142.0,3225.0,8232.0,10244.0,2.92,2.47,0.81,0.59,2.11,5198.0,44.0,26.0,17.0,3.0,94.0,67.0,270.0,5034.0
Cameron County,406220.0,96579.0,119631.0,366622.0,402490.0,132235.0,133836.0,234387.0,268654.0,3.8,3.36,1.37,1.12,2.43,105025.0,601.0,503.0,826.0,36.0,10622.0,2018.0,97527.0,20428.0
Camp County,12401.0,3351.0,4678.0,10525.0,12334.0,3289.0,3355.0,7236.0,8979.0,3.14,2.64,0.98,0.72,2.16,3360.0,876.0,32.0,15.0,19.0,319.0,69.0,600.0,3119.0
Carson County,6182.0,1802.0,2452.0,5309.0,6111.0,1570.0,1586.0,3739.0,4525.0,2.95,2.49,0.87,0.65,2.07,2331.0,22.0,31.0,10.0,0.0,52.0,27.0,153.0,2240.0
Cass County,30464.0,8643.0,12429.0,25253.0,30110.0,6927.0,7064.0,18326.0,23046.0,2.92,2.42,0.8,0.57,2.12,9909.0,2198.0,71.0,22.0,10.0,117.0,109.0,268.0,9782.0
Castro County,8062.0,2091.0,2744.0,7079.0,7998.0,2485.0,2522.0,4594.0,5476.0,3.39,2.91,1.19,0.92,2.2,2034.0,53.0,22.0,12.0,0.0,589.0,34.0,1375.0,1291.0
Chambers County,35096.0,9547.0,11952.0,31234.0,34867.0,9899.0,10010.0,21335.0,24857.0,3.27,2.92,1.04,0.84,2.23,9786.0,1035.0,74.0,90.0,24.0,818.0,143.0,1571.0,9111.0
Cherokee County,50845.0,12907.0,17894.0,41104.0,47994.0,12996.0,13168.0,28108.0,34826.0,3.18,2.68,1.01,0.74,2.18,13864.0,2459.0,117.0,56.0,2.67,1164.0,231.0,2288.0,12884.0
Childress County,7041.0,1530.0,2326.0,4606.0,5623.0,1465.0,1505.0,3141.0,4118.0,3.01,2.42,0.96,0.65,2.05,2038.0,114.0,15.0,11.0,0.0,121.0,27.0,388.0,1791.0
Clay County,10752.0,3143.0,4319.0,9145.0,10682.0,2393.0,2442.0,6752.0,8240.0,2.91,2.47,0.76,0.57,2.15,4158.0,13.0,44.0,22.0,0.0,43.0,53.0,114.0,4091.0
Cochran County,3127.0,814.0,1113.0,2649.0,3049.0,867.0,879.0,1782.0,2170.0,3.25,2.74,1.07,0.79,2.19,834.0,50.0,19.0,12.0,0.0,181.0,27.0,494.0,554.0
Coke County,3320.0,971.0,1466.0,2696.0,3285.0,682.0,699.0,2014.0,2586.0,2.78,2.24,0.7,0.48,2.07,1370.0,11.0,13.0,2.0,0.0,61.0,17.0,193.0,1252.0
Coleman County,8895.0,2518.0,3857.0,7158.0,8855.0,1916.0,1979.0,5242.0,6876.0,2.84,2.3,0.76,0.51,2.08,3480.0,83.0,20.0,12.0,1.0,207.0,54.0,444.0,3266.0
Collingsworth County,3057.0,840.0,1179.0,2580.0,3005.0,837.0,845.0,1743.0,2160.0,3.07,2.55,1.0,0.72,2.08,973.0,56.0,13.0,1.5,0.0,111.0,24.0,246.0,857.0
Collin County,782341.0,206793.0,283759.0,671140.0,778427.0,222234.0,224396.0,448906.0,554031.0,3.25,2.74,1.07,0.79,2.17,214009.0,24951.0,1495.0,27069.0,140.0,10504.0,5591.0,30490.0,195931.0
Colorado County,20874.0,5700.0,8182.0,17357.0,20546.0,4891.0,4968.0,12466.0,15578.0,3.05,2.51,0.86,0.61,2.19,6465.0,1045.0,35.0,24.0,4.5,524.0,87.0,1516.0,5555.0
Comal County,108472.0,30581.0,41363.0,92281.0,107412.0,25223.0,25610.0,67058.0,81802.0,3.02,2.6,0.82,0.62,2.19,38067.0,611.0,239.0,259.0,16.0,1622.0,549.0,7501.0,32506.0
Comanche County,13974.0,3838.0,5580.0,11542.0,13813.0,3285.0,3380.0,8257.0,10433.0,3.01,2.48,0.86,0.61,2.15,5134.0,12.0,33.0,28.0,0.0,324.0,71.0,998.0,4509.0
Concho County,4087.0,744.0,1041.0,2131.0,2499.0,564.0,577.0,1567.0,1922.0,2.86,2.4,0.76,0.55,2.11,931.0,12.0,19.0,4.0,0.0,84.0,12.0,259.0,766.0
Cooke County,38437.0,10321.0,14513.0,31881.0,37751.0,9448.0,9608.0,22433.0,28143.0,3.09,2.6,0.92,0.66,2.17,13054.0,348.0,114.0,90.0,16.0,699.0,204.0,1422.0,12407.0
Coryell County,75388.0,16991.0,22545.0,55858.0,63944.0,20708.0,20997.0,35150.0,42947.0,3.29,2.84,1.22,0.93,2.07,17257.0,2881.0,205.0,391.0,177.0,969.0,665.0,2629.0,15924.0
Cottle County,1505.0,437.0,677.0,1228.0,1505.0,345.0,350.0,883.0,1155.0,2.81,2.22,0.79,0.52,2.02,559.0,61.0,0.0,0.0,0.0,47.0,10.0,113.0,498.0
Crane County,4375.0,1143.0,1471.0,3820.0,4289.0,1270.0,1289.0,2550.0,3000.0,3.34,2.92,1.11,0.88,2.23,1136.0,41.0,10.0,14.0,0.0,246.0,31.0,688.0,715.0
Crockett County,3719.0,1038.0,1422.0,3170.0,3670.0,987.0,994.0,2183.0,2676.0,3.05,2.58,0.95,0.7,2.1,1193.0,11.0,14.0,1.8,3.0,171.0,27.0,774.0,614.0
Crosby County,6059.0,1613.0,2237.0,5154.0,5997.0,1715.0,1747.0,3439.0,4250.0,3.2,2.68,1.06,0.78,2.13,1832.0,85.0,17.0,2.0,5.0,266.0,34.0,950.0,1182.0
Culberson County,2398.0,630.0,908.0,2025.0,2386.0,661.0,667.0,1364.0,1719.0,3.21,2.63,1.05,0.73,2.17,724.0,17.0,14.0,22.0,0.0,133.0,24.0,650.0,235.0
Dallam County,6703.0,1743.0,2448.0,5667.0,6664.0,1982.0,2003.0,3685.0,4661.0,3.25,2.72,1.14,0.82,2.11,2043.0,32.0,32.0,12.0,2.33,253.0,73.0,799.0,1551.0
Dallas County,2368139.0,559417.0,855960.0,1907426.0,2337741.0,644792.0,653280.0,1262634.0,1684461.0,3.41,2.73,1.15,0.76,2.26,494883.0,201678.0,5408.0,40443.0,412.0,94631.0,18505.0,233293.0,369954.0
Dawson County,13833.0,3115.0,4385.0,10001.0,11687.0,3348.0,3414.0,6653.0,8273.0,3.21,2.67,1.07,0.78,2.14,3659.0,173.0,28.0,13.0,1.5,418.0,90.0,2047.0,2124.0
Deaf Smith County,19372.0,4843.0,6365.0,16691.0,19001.0,6113.0,6199.0,10578.0,12802.0,3.45,2.99,1.26,0.97,2.18,5089.0,76.0,51.0,17.0,0.0,992.0,140.0,3712.0,2526.0
Delta County,5231.0,1480.0,2088.0,4365.0,5162.0,1158.0,1185.0,3207.0,3977.0,2.95,2.47,0.78,0.57,2.17,1843.0,146.0,26.0,22.0,0.0,34.0,34.0,66.0,1817.0
Denton County,662614.0,167934.0,240289.0,544100.0,652270.0,179727.0,181797.0,364373.0,470473.0,3.24,2.71,1.07,0.76,2.17,187774.0,21539.0,1540.0,13230.0,150.0,11377.0,4679.0,32180.0,168826.0
DeWitt County,20097.0,5055.0,7407.0,15217.0,18307.0,4378.0,4469.0,10839.0,13838.0,3.01,2.47,0.87,0.6,2.14,6099.0,574.0,37.0,35.0,0.0,584.0,104.0,1857.0,4909.0
Dickens County,2444.0,616.0,930.0,1734.0,2129.0,480.0,492.0,1254.0,1637.0,2.81,2.29,0.78,0.53,2.04,824.0,13.0,21.0,23.0,0.0,67.0,14.0,173.0,731.0
Dimmit County,9996.0,2556.0,3421.0,8650.0,9892.0,2950.0,2991.0,5700.0,6901.0,3.38,2.89,1.15,0.87,2.23,3055.0,29.0,18.0,16.0,0.0,251.0,52.0,2850.0,516.0
Donley County,3677.0,996.0,1517.0,2804.0,3437.0,740.0,756.0,2064.0,2681.0,2.82,2.27,0.74,0.5,2.07,1412.0,43.0,17.0,4.5,2.0,31.0,22.0,64.0,1384.0
Duval County,11782.0,2939.0,4090.0,9647.0,11204.0,3038.0,3075.0,6609.0,8129.0,3.28,2.74,1.03,0.75,2.25,3615.0,10.0,12.0,13.0,0.0,378.0,71.0,3583.0,482.0
Eastland County,18583.0,4907.0,7465.0,14370.0,17698.0,4050.0,4135.0,10320.0,13563.0,2.93,2.37,0.83,0.55,2.1,6944.0,73.0,48.0,16.0,13.0,302.0,77.0,719.0,6562.0
Ector County,137130.0,34588.0,48688.0,114976.0,134955.0,39282.0,39749.0,75694.0,95206.0,3.32,2.77,1.14,0.82,2.19,38428.0,2209.0,504.0,350.0,30.0,6151.0,1016.0,21328.0,24252.0
Edwards County,2002.0,580.0,839.0,1689.0,1997.0,415.0,417.0,1274.0,1580.0,2.91,2.38,0.72,0.5,2.2,747.0,2.0,23.0,1.0,0.0,72.0,19.0,357.0,472.0
Ellis County,149610.0,39721.0,50503.0,131407.0,148000.0,42373.0,43129.0,89034.0,104871.0,3.31,2.93,1.07,0.85,2.24,41539.0,4492.0,306.0,228.0,27.0,3234.0,677.0,8483.0,36695.0
El Paso County,800647.0,196625.0,256557.0,699274.0,784855.0,237956.0,240250.0,461318.0,544605.0,3.56,3.06,1.21,0.94,2.35,211566.0,8718.0,2040.0,2959.0,308.0,25241.0,5725.0,196458.0,46747.0
Erath County,37890.0,9003.0,14569.0,27534.0,36002.0,8231.0,8379.0,19303.0,27623.0,3.06,2.47,0.91,0.58,2.14,13045.0,126.0,98.0,90.0,2.5,1032.0,176.0,1922.0,12253.0
Falls County,17866.0,4214.0,6302.0,13083.0,15798.0,3821.0,3876.0,9262.0,11922.0,3.1,2.51,0.91,0.62,2.2,4213.0,1490.0,43.0,16.0,5.0,459.0,80.0,877.0,3852.0
Fannin County,33915.0,8620.0,12149.0,25982.0,30770.0,7350.0,7503.0,18632.0,23267.0,3.01,2.53,0.85,0.62,2.16,11039.0,554.0,120.0,27.0,14.0,209.0,196.0,652.0,10654.0
Fayette County,24554.0,7015.0,10078.0,20292.0,24099.0,5312.0,5379.0,14980.0,18720.0,2.89,2.39,0.76,0.53,2.14,8757.0,640.0,63.0,19.0,11.0,529.0,66.0,1283.0,8054.0
Fisher County,3974.0,1139.0,1668.0,3303.0,3952.0,879.0,897.0,2424.0,3055.0,2.9,2.37,0.77,0.54,2.13,1466.0,53.0,11.0,3.0,0.0,108.0,29.0,336.0,1259.0
Floyd County,6446.0,1790.0,2402.0,5627.0,6411.0,1844.0,1862.0,3783.0,4549.0,3.14,2.67,1.03,0.78,2.11,1918.0,91.0,18.0,4.5,2.0,350.0,22.0,1009.0,1292.0
Foard County,1336.0,378.0,573.0,1068.0,1306.0,276.0,278.0,792.0,1028.0,2.83,2.28,0.73,0.49,2.1,529.0,16.0,1.5,2.0,0.0,22.0,3.0,65.0,489.0
Fort Bend County,585375.0,153765.0,187384.0,529450.0,579439.0,171911.0,173628.0,357539.0,405811.0,3.44,3.09,1.12,0.93,2.33,102849.0,40467.0,663.0,28175.0,73.0,11316.0,3841.0,35788.0,80550.0
Franklin County,10605.0,3002.0,4159.0,9000.0,10491.0,2571.0,2602.0,6429.0,7889.0,3.0,2.52,0.86,0.63,2.14,3751.0,144.0,27.0,14.0,2.0,174.0,48.0,335.0,3603.0
Freestone County,19816.0,5041.0,7259.0,15353.0,18235.0,4529.0,4604.0,10824.0,13631.0,3.05,2.51,0.9,0.63,2.15,5610.0,1175.0,43.0,21.0,16.0,325.0,81.0,577.0,5406.0
Frio County,17217.0,3529.0,4854.0,11998.0,13946.0,4166.0,4257.0,7832.0,9689.0,3.4,2.87,1.18,0.88,2.22,4061.0,19.0,25.0,13.0,0.0,643.0,93.0,3621.0,1174.0
Gaines County,17526.0,4462.0,5606.0,15901.0,17439.0,6054.0,6106.0,9847.0,11333.0,3.56,3.11,1.36,1.09,2.21,4771.0,96.0,31.0,12.0,0.0,595.0,101.0,1920.0,3543.0
Galveston County,291309.0,75747.0,108969.0,239215.0,287012.0,72871.0,74013.0,166344.0,212999.0,3.16,2.63,0.96,0.68,2.2,82435.0,14976.0,661.0,2749.0,56.0,6140.0,1952.0,18333.0,71372.0
Garza County,6461.0,1197.0,1671.0,3734.0,4352.0,1204.0,1220.0,2530.0,3132.0,3.12,2.6,1.01,0.73,2.11,1385.0,80.0,10.0,3.0,0.0,176.0,18.0,501.0,1083.0
Gillespie County,24837.0,7234.0,10572.0,20366.0,24447.0,4966.0,5041.0,15400.0,19406.0,2.82,2.31,0.69,0.48,2.13,9971.0,29.0,58.0,25.0,10.0,394.0,92.0,1337.0,9103.0
Glasscock County,1226.0,345.0,441.0,1101.0,1226.0,348.0,352.0,753.0,874.0,3.19,2.78,1.01,0.8,2.18,385.0,16.0,1.5,0.0,0.0,47.0,17.0,120.0,316.0
Goliad County,7210.0,2061.0,2868.0,6056.0,7117.0,1604.0,1637.0,4452.0,5480.0,2.94,2.48,0.78,0.57,2.16,2462.0,139.0,16.0,13.0,2.0,203.0,43.0,829.0,1871.0
Gonzales County,19807.0,5088.0,7120.0,16564.0,19496.0,5268.0,5367.0,11296.0,14129.0,3.26,2.74,1.04,0.75,2.22,5423.0,547.0,51.0,24.0,1.0,969.0,104.0,2675.0,3842.0
Grayson County,120877.0,32534.0,46905.0,98369.0,118663.0,28545.0,29101.0,69824.0,89562.0,3.02,2.53,0.88,0.62,2.15,40967.0,2620.0,641.0,281.0,13.0,1567.0,816.0,3381.0,39392.0
Gray County,22535.0,5798.0,8443.0,17467.0,20925.0,5493.0,5566.0,11974.0,15359.0,3.01,2.48,0.95,0.66,2.07,7305.0,241.0,83.0,29.0,0.0,646.0,139.0,1378.0,6647.0
Gregg County,121730.0,31188.0,45798.0,97127.0,117316.0,30371.0,30898.0,66756.0,86418.0,3.11,2.56,0.97,0.67,2.14,32747.0,9033.0,279.0,410.0,16.0,2692.0,621.0,4958.0,30820.0
Grimes County,26604.0,6361.0,8902.0,20020.0,23592.0,5967.0,6058.0,14053.0,17534.0,3.15,2.65,0.94,0.68,2.21,6902.0,1256.0,58.0,18.0,1.8,511.0,152.0,1354.0,6143.0
Guadalupe County,131533.0,34938.0,45762.0,113412.0,129645.0,35839.0,36369.0,77573.0,93276.0,3.25,2.83,1.03,0.79,2.22,37860.0,3062.0,308.0,493.0,57.0,3110.0,872.0,12833.0,28768.0
Hale County,36273.0,8781.0,11846.0,29071.0,33471.0,10273.0,10408.0,18798.0,23063.0,3.31,2.83,1.17,0.88,2.14,8804.0,511.0,116.0,38.0,25.0,2069.0,302.0,5600.0,5592.0
Hall County,3353.0,901.0,1372.0,2755.0,3309.0,856.0,867.0,1899.0,2442.0,3.06,2.41,0.95,0.63,2.11,1107.0,103.0,19.0,2.0,0.0,137.0,15.0,309.0,947.0
Hamilton County,8517.0,2357.0,3442.0,6787.0,8263.0,1782.0,1816.0,5005.0,6447.0,2.88,2.4,0.76,0.53,2.12,3294.0,42.0,14.0,11.0,0.0,91.0,23.0,215.0,3184.0
Hansford County,5613.0,1514.0,2006.0,4923.0,5553.0,1683.0,1703.0,3240.0,3850.0,3.25,2.77,1.11,0.85,2.14,1718.0,28.0,17.0,11.0,0.0,225.0,34.0,688.0,1293.0
Hardeman County,4139.0,1139.0,1722.0,3336.0,4118.0,990.0,1019.0,2346.0,3099.0,2.93,2.39,0.87,0.59,2.06,1518.0,95.0,10.0,2.25,0.0,68.0,27.0,240.0,1360.0
Hardin County,54635.0,15302.0,20462.0,47007.0,54255.0,13854.0,14107.0,33153.0,40148.0,3.07,2.65,0.91,0.69,2.17,18720.0,1203.0,95.0,64.0,1.0,197.0,182.0,626.0,18346.0
Harrison County,65631.0,17622.0,24523.0,54629.0,64268.0,16608.0,16882.0,38021.0,47386.0,3.1,2.62,0.94,0.69,2.16,17452.0,5622.0,154.0,87.0,26.0,943.0,258.0,1573.0,16945.0
Harris County,4092459.0,985652.0,1435155.0,3378724.0,4047935.0,1130480.0,1145908.0,2248244.0,2902027.0,3.43,2.82,1.15,0.8,2.28,857308.0,292084.0,8306.0,84064.0,911.0,155816.0,36666.0,449650.0,595280.0
Hartley County,6062.0,1311.0,1771.0,4079.0,4656.0,1361.0,1369.0,2718.0,3287.0,3.11,2.63,1.04,0.77,2.07,1670.0,18.0,23.0,24.0,2.0,64.0,17.0,252.0,1491.0
Haskell County,5899.0,1533.0,2297.0,4398.0,5355.0,1199.0,1228.0,3199.0,4127.0,2.87,2.33,0.78,0.53,2.09,1981.0,63.0,12.0,2.0,0.0,206.0,34.0,411.0,1797.0
Hays County,157107.0,36281.0,55245.0,117496.0,150090.0,37846.0,38436.0,79650.0,111654.0,3.24,2.72,1.04,0.7,2.2,46828.0,1732.0,376.0,542.0,43.0,4619.0,1105.0,14961.0,37246.0
Hemphill County,3807.0,1039.0,1382.0,3306.0,3767.0,1103.0,1116.0,2203.0,2651.0,3.18,2.73,1.06,0.81,2.12,1260.0,12.0,16.0,15.0,0.0,88.0,19.0,275.0,1085.0
Henderson County,78532.0,21612.0,31020.0,64189.0,77290.0,17488.0,17832.0,46701.0,59458.0,2.97,2.49,0.81,0.57,2.16,27541.0,1837.0,182.0,92.0,10.0,984.0,374.0,2112.0,26529.0
Hidalgo County,774769.0,179668.0,216471.0,707713.0,767787.0,265484.0,268036.0,442229.0,499751.0,3.94,3.55,1.48,1.24,2.46,191154.0,1099.0,765.0,2299.0,23.0,17992.0,3139.0,185172.0,27614.0
Hill County,35089.0,9524.0,13238.0,29133.0,34260.0,8326.0,8481.0,20807.0,25779.0,3.06,2.59,0.87,0.64,2.18,11498.0,815.0,74.0,33.0,20.0,656.0,158.0,1602.0,10643.0
Hockley County,22935.0,6059.0,8242.0,19215.0,22294.0,6091.0,6222.0,13124.0,16072.0,3.17,2.7,1.01,0.75,2.17,6765.0,269.0,62.0,18.0,7.0,992.0,135.0,2940.0,4931.0
Hood County,51182.0,14913.0,20795.0,42468.0,50481.0,10650.0,10831.0,31818.0,39650.0,2.85,2.43,0.71,0.52,2.13,19707.0,80.0,153.0,82.0,12.0,546.0,215.0,1335.0,18998.0
Hopkins County,35161.0,9566.0,13308.0,29629.0,34730.0,8849.0,8980.0,20780.0,25750.0,3.1,2.61,0.93,0.67,2.17,11344.0,967.0,77.0,49.0,20.0,724.0,142.0,1276.0,10851.0
Houston County,23732.0,5868.0,8656.0,17306.0,20824.0,4790.0,4835.0,12516.0,15989.0,2.95,2.41,0.82,0.56,2.13,6340.0,1998.0,39.0,27.0,0.0,179.0,73.0,428.0,6128.0
Howard County,35012.0,7751.0,11333.0,23934.0,28932.0,7636.0,7770.0,16298.0,21162.0,3.09,2.55,0.99,0.69,2.1,9379.0,427.0,110.0,52.0,28.0,1182.0,175.0,3396.0,7295.0
Hudspeth County,3476.0,867.0,1174.0,3011.0,3390.0,1037.0,1044.0,1974.0,2346.0,3.47,2.89,1.2,0.89,2.28,923.0,13.0,12.0,4.5,0.0,198.0,26.0,836.0,319.0
Hunt County,86129.0,22617.0,32076.0,70465.0,84260.0,20926.0,21351.0,49539.0,62909.0,3.12,2.63,0.93,0.67,2.19,27267.0,2592.0,267.0,219.0,37.0,1197.0,497.0,2851.0,25836.0
Hutchinson County,22150.0,6128.0,8812.0,18386.0,21989.0,5660.0,5822.0,12726.0,16167.0,3.0,2.5,0.92,0.66,2.08,7801.0,199.0,137.0,34.0,2.5,480.0,159.0,1260.0,7095.0
Irion County,1599.0,470.0,653.0,1370.0,1599.0,363.0,368.0,1007.0,1231.0,2.91,2.45,0.77,0.56,2.14,604.0,4.5,1.67,2.0,0.0,32.0,11.0,138.0,502.0
Jackson County,14075.0,3787.0,5284.0,11794.0,13858.0,3494.0,3579.0,8300.0,10279.0,3.11,2.62,0.92,0.68,2.19,4427.0,383.0,20.0,17.0,2.0,370.0,66.0,1147.0,3698.0
Jack County,9044.0,2213.0,3136.0,6689.0,7904.0,1950.0,1991.0,4739.0,5913.0,3.02,2.52,0.88,0.63,2.14,2964.0,22.0,29.0,11.0,0.0,87.0,23.0,251.0,2810.0
Jasper County,35710.0,9886.0,13770.0,29622.0,34769.0,8703.0,8892.0,20919.0,25877.0,3.0,2.52,0.88,0.65,2.12,11092.0,2198.0,67.0,68.0,3.0,224.0,118.0,465.0,10884.0
Jefferson County,252273.0,61812.0,93441.0,192892.0,236290.0,59131.0,60025.0,133761.0,176265.0,3.12,2.53,0.96,0.64,2.16,53284.0,30947.0,402.0,2524.0,34.0,4993.0,1257.0,10772.0,48296.0
Jeff Davis County,2342.0,684.0,1034.0,1833.0,2254.0,383.0,386.0,1450.0,1868.0,2.68,2.18,0.56,0.37,2.12,956.0,24.0,19.0,2.0,0.0,45.0,16.0,290.0,721.0
Jim Hogg County,5300.0,1380.0,1902.0,4606.0,5284.0,1535.0,1538.0,3071.0,3746.0,3.34,2.78,1.11,0.81,2.23,1690.0,18.0,16.0,16.0,0.0,164.0,35.0,1724.0,162.0
Jim Wells County,40838.0,10482.0,13961.0,35256.0,40481.0,11602.0,11758.0,23654.0,28723.0,3.36,2.9,1.11,0.84,2.26,12295.0,69.0,97.0,45.0,13.0,1233.0,215.0,10419.0,3360.0
Johnson County,150934.0,40247.0,52193.0,129488.0,148290.0,40280.0,41120.0,89208.0,107170.0,3.22,2.84,1.0,0.79,2.22,47148.0,1177.0,348.0,275.0,82.0,2442.0,721.0,6574.0,43340.0
Jones County,20202.0,4236.0,6034.0,12769.0,15195.0,3660.0,3734.0,9109.0,11461.0,3.01,2.52,0.86,0.62,2.15,5245.0,216.0,37.0,22.0,0.0,428.0,86.0,1032.0,4686.0
Karnes County,14824.0,3109.0,4463.0,9710.0,11488.0,2940.0,2962.0,6770.0,8526.0,3.12,2.57,0.95,0.66,2.18,3838.0,99.0,22.0,21.0,3.0,445.0,50.0,1948.0,2385.0
Kaufman County,103350.0,27450.0,34964.0,90371.0,102014.0,29176.0,29694.0,61195.0,72320.0,3.29,2.92,1.06,0.85,2.23,28772.0,3575.0,249.0,236.0,11.0,1655.0,466.0,4121.0,26558.0
Kendall County,33410.0,9441.0,12617.0,28666.0,32891.0,7944.0,8025.0,20722.0,24866.0,3.04,2.61,0.84,0.64,2.19,11784.0,50.0,66.0,54.0,20.0,484.0,171.0,1826.0,10530.0
Kenedy County,416.0,104.0,147.0,349.0,416.0,98.0,102.0,251.0,314.0,3.36,2.83,0.94,0.69,2.41,133.0,4.0,6.0,4.0,0.0,30.0,3.5,110.0,34.0
Kent County,808.0,209.0,350.0,590.0,756.0,169.0,175.0,421.0,581.0,2.82,2.16,0.81,0.5,2.01,327.0,2.33,2.67,0.0,0.0,13.0,1.25,42.0,300.0
Kerr County,49625.0,13549.0,20550.0,38524.0,47715.0,9687.0,9872.0,28837.0,37843.0,2.84,2.32,0.71,0.48,2.13,18742.0,274.0,139.0,106.0,10.0,961.0,318.0,3379.0,16508.0
Kimble County,4607.0,1307.0,2016.0,3681.0,4564.0,925.0,939.0,2756.0,3625.0,2.82,2.26,0.71,0.47,2.11,1882.0,15.0,15.0,12.0,0.0,88.0,19.0,344.0,1634.0
King County,286.0,88.0,113.0,254.0,286.0,68.0,68.0,186.0,218.0,2.89,2.53,0.77,0.6,2.11,106.0,0.0,2.0,0.0,0.0,16.0,4.0,13.0,99.0
Kinney County,3598.0,927.0,1350.0,2773.0,3266.0,717.0,724.0,2056.0,2542.0,2.99,2.42,0.77,0.54,2.22,1199.0,25.0,16.0,1.0,0.0,75.0,31.0,566.0,741.0
Kleberg County,32061.0,7462.0,11097.0,24187.0,30087.0,7842.0,7945.0,16345.0,22142.0,3.24,2.71,1.05,0.72,2.19,9062.0,371.0,73.0,254.0,34.0,1116.0,212.0,7144.0,3260.0
Knox County,3719.0,996.0,1506.0,2980.0,3615.0,934.0,942.0,2046.0,2673.0,2.99,2.4,0.94,0.63,2.05,1201.0,82.0,18.0,1.33,0.0,190.0,23.0,356.0,1055.0
Lamar County,49793.0,13619.0,19829.0,40785.0,49080.0,11881.0,12093.0,28904.0,36987.0,2.99,2.48,0.87,0.61,2.12,16208.0,2631.0,250.0,91.0,3.0,301.0,346.0,760.0,15816.0
Lamb County,13977.0,3699.0,5081.0,11909.0,13793.0,4042.0,4089.0,7867.0,9704.0,3.22,2.71,1.09,0.8,2.13,3964.0,223.0,39.0,10.0,2.0,759.0,88.0,2173.0,2648.0
Lampasas County,19677.0,5475.0,7539.0,16577.0,19455.0,4749.0,4849.0,11828.0,14606.0,3.03,2.58,0.87,0.64,2.16,6647.0,248.0,69.0,49.0,13.0,366.0,147.0,980.0,6095.0
Lavaca County,19263.0,5408.0,7808.0,15880.0,18854.0,4388.0,4445.0,11492.0,14409.0,2.94,2.41,0.81,0.57,2.13,6880.0,521.0,19.0,15.0,19.0,291.0,78.0,891.0,6330.0
La Salle County,6886.0,1354.0,1931.0,4509.0,5303.0,1441.0,1470.0,3068.0,3833.0,3.33,2.75,1.06,0.76,2.27,1692.0,23.0,10.0,2.5,0.0,186.0,33.0,1500.0,413.0
Lee County,16612.0,4445.0,6151.0,13749.0,16087.0,4094.0,4174.0,9655.0,11913.0,3.09,2.62,0.92,0.68,2.17,5032.0,695.0,29.0,17.0,25.0,295.0,77.0,880.0,4488.0
Leon County,16801.0,4881.0,6896.0,14093.0,16697.0,3697.0,3749.0,10396.0,12948.0,2.89,2.42,0.76,0.54,2.13,5967.0,557.0,28.0,24.0,1.0,252.0,67.0,607.0,5638.0
Liberty County,75643.0,18522.0,25073.0,60680.0,70499.0,18932.0,19359.0,41748.0,51140.0,3.28,2.81,1.02,0.77,2.25,20464.0,2526.0,153.0,101.0,14.0,1482.0,343.0,2903.0,19200.0
Limestone County,23384.0,5900.0,8499.0,18177.0,21792.0,5379.0,5470.0,12798.0,16322.0,3.08,2.56,0.91,0.64,2.17,6264.0,1463.0,47.0,31.0,3.5,598.0,94.0,1055.0,5863.0
Lipscomb County,3302.0,887.0,1263.0,2746.0,3265.0,894.0,911.0,1852.0,2354.0,3.1,2.59,1.01,0.72,2.09,1139.0,24.0,11.0,10.0,0.0,83.0,20.0,269.0,971.0
Live Oak County,11531.0,2952.0,4257.0,8660.0,10367.0,2315.0,2354.0,6345.0,8013.0,2.93,2.44,0.78,0.55,2.15,3979.0,10.0,30.0,10.0,1.0,176.0,51.0,1245.0,2942.0
Llano County,19301.0,5755.0,9008.0,15002.0,19117.0,2991.0,3077.0,12011.0,16040.0,2.61,2.12,0.52,0.34,2.09,8705.0,41.0,46.0,17.0,4.0,117.0,80.0,426.0,8418.0
Loving County,82.0,26.0,39.0,67.0,82.0,9.0,9.0,58.0,73.0,2.58,2.1,0.35,0.23,2.23,34.0,0.0,2.0,0.0,0.0,11.0,0.0,13.0,33.0
Lubbock County,278831.0,66127.0,105781.0,206098.0,267794.0,66451.0,67585.0,139647.0,200209.0,3.12,2.53,1.0,0.64,2.11,84951.0,7323.0,739.0,2139.0,62.0,8655.0,1912.0,26788.0,68269.0
Lynn County,5915.0,1639.0,2246.0,5091.0,5873.0,1625.0,1645.0,3466.0,4228.0,3.11,2.61,0.99,0.73,2.11,1870.0,47.0,24.0,2.0,0.0,256.0,47.0,912.0,1274.0
Madison County,13664.0,3007.0,4187.0,9485.0,11110.0,2956.0,3000.0,6529.0,8110.0,3.15,2.65,0.98,0.72,2.17,3267.0,603.0,24.0,22.0,2.0,227.0,43.0,468.0,3057.0
Marion County,10546.0,2944.0,4595.0,8301.0,10379.0,1979.0,2008.0,6322.0,8371.0,2.82,2.26,0.67,0.44,2.15,3446.0,998.0,37.0,11.0,1.0,25.0,77.0,89.0,3392.0
Martin County,4799.0,1262.0,1649.0,4215.0,4751.0,1444.0,1456.0,2771.0,3295.0,3.34,2.88,1.14,0.88,2.2,1432.0,20.0,36.0,11.0,0.0,157.0,25.0,603.0,1005.0
Mason County,4012.0,1189.0,1754.0,3320.0,4009.0,839.0,851.0,2481.0,3158.0,2.79,2.29,0.71,0.49,2.09,1660.0,17.0,16.0,2.5,0.0,66.0,12.0,288.0,1446.0
Matagorda County,36702.0,9675.0,13894.0,30660.0,36302.0,9544.0,9671.0,21116.0,26631.0,3.17,2.61,0.99,0.7,2.18,10310.0,1731.0,98.0,205.0,11.0,1329.0,216.0,4100.0,7719.0
Maverick County,54258.0,12912.0,15563.0,49729.0,53289.0,18199.0,18317.0,31530.0,34972.0,3.85,3.42,1.41,1.18,2.44,14240.0,40.0,159.0,55.0,3.0,891.0,177.0,14714.0,639.0
McCulloch County,8283.0,2272.0,3338.0,6754.0,8174.0,1967.0,2039.0,4787.0,6135.0,2.97,2.45,0.87,0.61,2.11,2857.0,66.0,28.0,19.0,0.0,326.0,53.0,815.0,2410.0
McLennan County,234906.0,57663.0,86892.0,181884.0,225821.0,58061.0,58973.0,123823.0,166848.0,3.15,2.6,1.01,0.68,2.15,63947.0,13040.0,490.0,1020.0,38.0,7066.0,1291.0,14953.0,56994.0
McMullen County,707.0,209.0,310.0,574.0,707.0,112.0,119.0,462.0,588.0,2.75,2.28,0.54,0.38,2.21,294.0,4.0,0.0,0.0,0.0,11.0,3.0,94.0,213.0
Medina County,46006.0,11802.0,15530.0,38153.0,43697.0,11651.0,11835.0,26502.0,31862.0,3.23,2.81,0.99,0.76,2.25,13806.0,108.0,108.0,70.0,14.0,1157.0,267.0,6426.0,8768.0
Menard County,2242.0,643.0,994.0,1786.0,2204.0,435.0,439.0,1351.0,1765.0,2.78,2.22,0.68,0.44,2.1,847.0,1.33,13.0,3.0,0.0,124.0,11.0,280.0,702.0
Midland County,136872.0,35872.0,50845.0,114577.0,135194.0,36998.0,37478.0,77579.0,97716.0,3.19,2.66,1.03,0.74,2.16,40783.0,3305.0,390.0,569.0,15.0,4912.0,871.0,14999.0,31351.0
Milam County,24757.0,6577.0,9408.0,20534.0,24352.0,6337.0,6458.0,14197.0,17894.0,3.12,2.59,0.96,0.69,2.16,7678.0,930.0,70.0,29.0,0.0,625.0,76.0,1556.0,6825.0
Mills County,4936.0,1397.0,1975.0,4036.0,4785.0,1098.0,1143.0,2938.0,3642.0,2.89,2.42,0.79,0.58,2.1,1831.0,2.67,19.0,1.0,2.0,116.0,15.0,233.0,1720.0
Mitchell County,9403.0,1920.0,2809.0,5835.0,6997.0,1787.0,1820.0,4048.0,5177.0,3.04,2.49,0.93,0.65,2.11,2394.0,109.0,33.0,15.0,0.0,224.0,43.0,796.0,1865.0
Montague County,19719.0,5548.0,7989.0,16238.0,19453.0,4430.0,4527.0,11808.0,14926.0,2.93,2.43,0.8,0.57,2.13,7612.0,24.0,71.0,19.0,0.0,188.0,91.0,475.0,7372.0
Montgomery County,455746.0,121472.0,162530.0,391630.0,452522.0,124029.0,125906.0,267601.0,326616.0,3.22,2.78,1.02,0.77,2.2,141338.0,6866.0,1038.0,2880.0,93.0,7839.0,2476.0,23442.0,127204.0
Moore County,21904.0,5473.0,7197.0,19000.0,21750.0,6901.0,6996.0,12099.0,14754.0,3.47,3.02,1.26,0.97,2.21,5646.0,92.0,89.0,284.0,15.0,954.0,127.0,3089.0,3615.0
Morris County,12934.0,3613.0,5226.0,10691.0,12789.0,2962.0,3013.0,7729.0,9776.0,2.96,2.45,0.82,0.58,2.14,3804.0,1207.0,31.0,11.0,1.33,123.0,47.0,226.0,3714.0
Motley County,1210.0,355.0,542.0,984.0,1210.0,256.0,264.0,728.0,946.0,2.77,2.23,0.72,0.49,2.05,505.0,12.0,11.0,0.0,0.0,18.0,10.0,48.0,479.0
Nacogdoches County,64524.0,15026.0,23861.0,46776.0,59380.0,14808.0,15019.0,31968.0,44361.0,3.11,2.49,0.99,0.63,2.13,17504.0,4178.0,114.0,242.0,10.0,1465.0,348.0,2756.0,16393.0
Navarro County,47735.0,12511.0,17380.0,39964.0,46999.0,12523.0,12815.0,27441.0,34184.0,3.19,2.7,1.0,0.74,2.19,12892.0,2537.0,106.0,81.0,86.0,1447.0,231.0,2741.0,11774.0
Newton County,14445.0,3849.0,5476.0,11589.0,13721.0,3295.0,3344.0,8294.0,10377.0,3.01,2.51,0.86,0.61,2.15,4385.0,972.0,33.0,16.0,1.0,18.0,51.0,66.0,4339.0
Nolan County,15216.0,4021.0,5999.0,12196.0,14806.0,3899.0,3933.0,8297.0,10873.0,3.03,2.47,0.97,0.66,2.06,5157.0,278.0,38.0,14.0,0.0,429.0,83.0,1647.0,4011.0
Nueces County,340223.0,85270.0,124587.0,275530.0,334431.0,86498.0,88017.0,189032.0,246414.0,3.23,2.68,1.01,0.71,2.22,103463.0,5142.0,814.0,1883.0,89.0,10738.0,2458.0,65886.0,50565.0
Ochiltree County,10223.0,2699.0,3617.0,8800.0,10169.0,3173.0,3231.0,5627.0,6938.0,3.26,2.81,1.18,0.89,2.08,3203.0,10.0,33.0,20.0,2.33,299.0,60.0,1345.0,2217.0
Oldham County,2052.0,516.0,691.0,1532.0,1770.0,459.0,459.0,1073.0,1311.0,2.97,2.56,0.89,0.66,2.08,652.0,25.0,1.75,2.67,0.0,20.0,18.0,55.0,618.0
Orange County,81837.0,22547.0,31031.0,68927.0,81198.0,20040.0,20492.0,48887.0,60706.0,3.06,2.62,0.89,0.66,2.17,27183.0,2626.0,161.0,226.0,13.0,471.0,351.0,1277.0,26478.0
Palo Pinto County,28111.0,7602.0,10871.0,23171.0,27848.0,6856.0,7029.0,16315.0,20819.0,3.05,2.56,0.9,0.65,2.15,9783.0,232.0,87.0,44.0,2.0,576.0,145.0,1299.0,9134.0
Panola County,23796.0,6603.0,9271.0,19901.0,23438.0,5781.0,5869.0,14120.0,17569.0,3.01,2.53,0.88,0.63,2.14,7350.0,1502.0,31.0,18.0,0.0,269.0,101.0,469.0,7183.0
Parker County,116927.0,32024.0,42069.0,99110.0,113806.0,29275.0,29825.0,69835.0,83981.0,3.09,2.71,0.91,0.71,2.18,39651.0,367.0,335.0,161.0,17.0,976.0,562.0,2916.0,37873.0
Parmer County,10269.0,2653.0,3413.0,9087.0,10196.0,3181.0,3211.0,5906.0,6985.0,3.43,2.99,1.2,0.94,2.23,2762.0,40.0,28.0,23.0,16.0,509.0,61.0,1663.0,1690.0
Pecos County,15507.0,3615.0,4894.0,11717.0,13482.0,3774.0,3822.0,7943.0,9660.0,3.24,2.75,1.04,0.78,2.2,4074.0,44.0,43.0,28.0,1.67,608.0,94.0,3156.0,1628.0
Polk County,45413.0,11405.0,16503.0,34163.0,41172.0,9381.0,9570.0,24782.0,31602.0,3.0,2.49,0.82,0.58,2.17,13889.0,1425.0,313.0,38.0,2.0,634.0,201.0,1250.0,13358.0
Potter County,121073.0,28497.0,42933.0,93299.0,114154.0,33023.0,33624.0,60276.0,80530.0,3.27,2.66,1.16,0.78,2.12,32412.0,3582.0,422.0,1381.0,15.0,4217.0,904.0,11590.0,25716.0
Presidio County,7818.0,1996.0,2906.0,6686.0,7818.0,2246.0,2264.0,4440.0,5554.0,3.35,2.69,1.13,0.78,2.22,2556.0,13.0,26.0,22.0,0.0,234.0,55.0,2270.0,584.0
Rains County,10914.0,3157.0,4377.0,9154.0,10848.0,2315.0,2363.0,6839.0,8485.0,2.9,2.48,0.73,0.54,2.17,4081.0,108.0,38.0,34.0,1.0,88.0,52.0,196.0,3989.0
Randall County,120725.0,32830.0,47975.0,98194.0,118725.0,29463.0,29950.0,68731.0,88775.0,2.99,2.47,0.9,0.62,2.09,43730.0,972.0,336.0,575.0,15.0,1708.0,639.0,5797.0,39939.0
Reagan County,3367.0,885.0,1156.0,2954.0,3340.0,1001.0,1010.0,1953.0,2330.0,3.34,2.89,1.13,0.87,2.21,934.0,30.0,10.0,5.0,0.0,165.0,16.0,578.0,537.0
Real County,3309.0,977.0,1374.0,2684.0,3239.0,624.0,660.0,2060.0,2579.0,2.75,2.36,0.64,0.48,2.11,1268.0,0.0,14.0,0.0,13.0,58.0,32.0,262.0,1077.0
Red River County,12860.0,3615.0,5469.0,10353.0,12671.0,2705.0,2746.0,7648.0,9925.0,2.86,2.32,0.75,0.5,2.12,4330.0,921.0,37.0,19.0,1.0,112.0,60.0,224.0,4240.0
Reeves County,13783.0,2767.0,3839.0,9266.0,10673.0,3122.0,3140.0,6144.0,7533.0,3.35,2.78,1.13,0.82,2.22,3031.0,71.0,20.0,27.0,3.5,608.0,80.0,2912.0,814.0
Refugio County,7383.0,2016.0,2841.0,6164.0,7254.0,1755.0,1781.0,4409.0,5473.0,3.06,2.55,0.87,0.63,2.19,2362.0,180.0,24.0,25.0,0.0,233.0,35.0,1147.0,1482.0
Robertson County,16622.0,4551.0,6541.0,13863.0,16429.0,4165.0,4208.0,9698.0,12221.0,3.05,2.51,0.92,0.64,2.13,4606.0,1395.0,35.0,31.0,1.0,388.0,85.0,863.0,4201.0
Roberts County,929.0,281.0,359.0,812.0,929.0,231.0,236.0,581.0,693.0,2.89,2.59,0.82,0.66,2.07,343.0,0.0,2.0,1.0,0.0,29.0,15.0,15.0,336.0
Rockwall County,78337.0,21337.0,26448.0,70226.0,77678.0,23261.0,23507.0,46965.0,54171.0,3.29,2.94,1.09,0.89,2.2,23023.0,1421.0,142.0,504.0,14.0,1015.0,329.0,2971.0,21203.0
Runnels County,10501.0,2914.0,4165.0,8695.0,10307.0,2594.0,2632.0,6101.0,7675.0,2.98,2.47,0.89,0.63,2.09,3578.0,69.0,26.0,13.0,0.0,440.0,47.0,1068.0,2990.0
Rusk County,53330.0,13333.0,18476.0,41212.0,48120.0,12190.0,12368.0,29022.0,35752.0,3.09,2.6,0.91,0.67,2.18,14120.0,3056.0,98.0,60.0,27.0,871.0,265.0,1593.0,13506.0
Sabine County,10834.0,3235.0,4738.0,8910.0,10755.0,2096.0,2120.0,6814.0,8635.0,2.75,2.27,0.65,0.45,2.11,4316.0,336.0,20.0,13.0,0.0,29.0,30.0,96.0,4255.0
San Augustine County,8865.0,2477.0,3625.0,7160.0,8642.0,1818.0,1866.0,5342.0,6776.0,2.89,2.38,0.73,0.51,2.16,2695.0,808.0,12.0,17.0,0.0,77.0,29.0,131.0,2649.0
San Jacinto County,26384.0,7195.0,10096.0,22122.0,26256.0,6201.0,6326.0,15921.0,19930.0,3.07,2.6,0.86,0.63,2.21,8515.0,1066.0,68.0,31.0,16.0,280.0,132.0,692.0,8152.0
San Patricio County,64804.0,16939.0,22637.0,55714.0,64124.0,17954.0,18192.0,37760.0,45932.0,3.29,2.83,1.06,0.8,2.23,19829.0,377.0,149.0,150.0,21.0,1719.0,392.0,10581.0,11324.0
San Saba County,6131.0,1563.0,2257.0,4540.0,5447.0,1217.0,1254.0,3323.0,4193.0,2.9,2.41,0.78,0.56,2.13,2020.0,12.0,20.0,3.0,0.0,183.0,27.0,449.0,1773.0
Schleicher County,3461.0,878.0,1182.0,3009.0,3461.0,1077.0,1103.0,1932.0,2358.0,3.43,2.93,1.23,0.93,2.2,967.0,17.0,10.0,1.0,0.0,164.0,29.0,474.0,686.0
Scurry County,16921.0,4137.0,5838.0,12922.0,15197.0,4156.0,4231.0,8766.0,10966.0,3.12,2.6,1.0,0.72,2.12,4950.0,169.0,45.0,16.0,2.0,575.0,80.0,1674.0,3936.0
Shackelford County,3378.0,937.0,1367.0,2797.0,3342.0,811.0,828.0,1986.0,2514.0,2.99,2.44,0.87,0.61,2.12,1308.0,27.0,22.0,0.0,0.0,31.0,12.0,85.0,1262.0
Shelby County,25448.0,6771.0,9648.0,21332.0,25276.0,6590.0,6723.0,14742.0,18553.0,3.15,2.62,0.97,0.7,2.18,7061.0,1706.0,30.0,21.0,0.0,752.0,78.0,1017.0,6840.0
Sherman County,3034.0,819.0,1081.0,2661.0,3003.0,904.0,916.0,1757.0,2087.0,3.25,2.78,1.1,0.85,2.15,975.0,19.0,25.0,16.0,0.0,72.0,16.0,332.0,729.0
Smith County,209714.0,54803.0,79055.0,171637.0,205587.0,52817.0,53591.0,118820.0,151996.0,3.13,2.6,0.96,0.68,2.17,58711.0,14018.0,409.0,783.0,22.0,4138.0,974.0,8760.0,54592.0
Somervell County,8490.0,2311.0,3078.0,7176.0,8203.0,2159.0,2182.0,5017.0,6021.0,3.11,2.67,0.93,0.71,2.17,2740.0,19.0,29.0,17.0,0.0,232.0,56.0,412.0,2591.0
Starr County,60968.0,14480.0,17001.0,56698.0,60158.0,20537.0,20674.0,36161.0,39484.0,3.92,3.54,1.42,1.22,2.5,16312.0,13.0,27.0,40.0,0.0,509.0,100.0,16249.0,694.0
Stephens County,9630.0,2519.0,3665.0,7584.0,9039.0,2263.0,2303.0,5321.0,6736.0,3.01,2.47,0.9,0.63,2.11,3304.0,58.0,17.0,14.0,0.0,231.0,41.0,482.0,3079.0
Sterling County,1143.0,328.0,440.0,973.0,1108.0,276.0,279.0,697.0,829.0,2.97,2.52,0.84,0.63,2.13,402.0,2.0,17.0,0.0,0.0,27.0,3.0,115.0,317.0
Stonewall County,1490.0,426.0,642.0,1207.0,1463.0,332.0,339.0,875.0,1124.0,2.83,2.28,0.78,0.53,2.05,578.0,15.0,1.67,2.5,0.0,33.0,11.0,71.0,544.0
Sutton County,4128.0,1118.0,1550.0,3562.0,4115.0,1119.0,1133.0,2443.0,2982.0,3.19,2.65,1.0,0.73,2.19,1397.0,21.0,17.0,1.5,0.0,122.0,16.0,810.0,731.0
Swisher County,7854.0,1995.0,2762.0,6213.0,7209.0,2030.0,2051.0,4183.0,5158.0,3.11,2.61,1.02,0.74,2.1,2243.0,115.0,22.0,1.33,2.0,342.0,36.0,888.0,1728.0
Tarrant County,1809034.0,455033.0,657134.0,1496499.0,1788400.0,499463.0,506588.0,997036.0,1281812.0,3.29,2.72,1.1,0.77,2.19,465500.0,100525.0,4004.0,25307.0,769.0,47766.0,13263.0,126682.0,394478.0
Taylor County,131506.0,33446.0,50725.0,101418.0,126219.0,31502.0,32004.0,69916.0,94215.0,3.03,2.49,0.94,0.63,2.09,41954.0,3478.0,378.0,641.0,54.0,3204.0,1016.0,8664.0,37158.0
Terrell County,984.0,253.0,430.0,766.0,984.0,215.0,218.0,551.0,766.0,3.03,2.29,0.85,0.51,2.18,368.0,1.2,1.6,1.0,0.0,44.0,11.0,179.0,241.0
Terry County,12651.0,3074.0,4200.0,9917.0,11485.0,3244.0,3278.0,6673.0,8207.0,3.23,2.73,1.06,0.78,2.17,3574.0,139.0,25.0,19.0,0.0,377.0,78.0,1733.0,2306.0
Throckmorton County,1641.0,475.0,721.0,1343.0,1628.0,362.0,366.0,981.0,1262.0,2.83,2.26,0.76,0.51,2.07,693.0,7.0,16.0,3.0,0.0,14.0,2.0,44.0,664.0
Titus County,32334.0,8154.0,10813.0,28070.0,31977.0,9747.0,9883.0,18323.0,22094.0,3.44,2.96,1.2,0.91,2.25,7837.0,1201.0,96.0,71.0,19.0,1429.0,174.0,2901.0,6535.0
Tom Green County,110224.0,27728.0,42331.0,84450.0,105059.0,25462.0,25868.0,58988.0,79191.0,3.05,2.48,0.92,0.61,2.13,35862.0,1573.0,321.0,340.0,32.0,3419.0,784.0,12330.0,27569.0
Travis County,1024266.0,229929.0,404467.0,735563.0,1001220.0,240892.0,244256.0,494671.0,756964.0,3.2,2.48,1.05,0.6,2.15,301361.0,33720.0,2826.0,20964.0,266.0,35218.0,10112.0,100561.0,243003.0
Trinity County,14585.0,4061.0,6142.0,11721.0,14537.0,2980.0,3039.0,8741.0,11498.0,2.89,2.37,0.73,0.49,2.15,5310.0,582.0,31.0,11.0,0.0,136.0,72.0,291.0,5173.0
Tyler County,21766.0,5582.0,8007.0,16169.0,19318.0,4233.0,4313.0,11936.0,15005.0,2.9,2.41,0.76,0.54,2.14,7206.0,607.0,45.0,15.0,1.5,63.0,69.0,171.0,7105.0
Upshur County,39309.0,10868.0,14925.0,33160.0,38793.0,9476.0,9703.0,23684.0,29090.0,3.05,2.6,0.87,0.65,2.18,12953.0,1356.0,107.0,33.0,1.0,294.0,181.0,613.0,12687.0
Upton County,3355.0,903.0,1256.0,2841.0,3294.0,899.0,913.0,1942.0,2381.0,3.15,2.62,1.0,0.73,2.15,979.0,25.0,21.0,0.0,0.0,206.0,25.0,526.0,688.0
Uvalde County,26405.0,6742.0,9025.0,22465.0,25841.0,7521.0,7618.0,14944.0,18223.0,3.33,2.86,1.12,0.84,2.22,7272.0,42.0,50.0,32.0,5.0,1383.0,245.0,5496.0,3416.0
Val Verde County,48879.0,11963.0,15654.0,41861.0,46934.0,14304.0,14461.0,27557.0,32473.0,3.5,3.0,1.2,0.92,2.3,13481.0,265.0,79.0,71.0,15.0,1445.0,298.0,11416.0,3811.0
Van Zandt County,52579.0,14605.0,20047.0,44357.0,51912.0,12322.0,12586.0,32035.0,39326.0,3.04,2.59,0.84,0.63,2.19,18627.0,521.0,173.0,41.0,27.0,440.0,238.0,1131.0,18013.0
Victoria County,86793.0,22680.0,32187.0,71490.0,85285.0,22552.0,22950.0,48938.0,62335.0,3.15,2.65,0.99,0.71,2.16,26415.0,2046.0,190.0,285.0,18.0,2725.0,521.0,11617.0,18011.0
Walker County,67861.0,12354.0,20969.0,37284.0,51153.0,10952.0,11119.0,26332.0,40034.0,3.02,2.44,0.89,0.53,2.13,15522.0,3683.0,108.0,211.0,19.0,1119.0,319.0,2419.0,14392.0
Waller County,43205.0,10116.0,14040.0,33280.0,39502.0,10505.0,10628.0,22775.0,28874.0,3.29,2.81,1.04,0.76,2.25,9205.0,3033.0,109.0,63.0,2.0,1413.0,216.0,3047.0,7756.0
Ward County,10658.0,2845.0,3995.0,8979.0,10533.0,2858.0,2903.0,6121.0,7630.0,3.16,2.64,1.0,0.73,2.15,3214.0,169.0,33.0,24.0,0.0,483.0,87.0,1605.0,2174.0
Washington County,33718.0,8878.0,13037.0,26433.0,31902.0,7304.0,7433.0,19129.0,24469.0,2.98,2.45,0.82,0.57,2.15,10253.0,2063.0,33.0,117.0,1.33,448.0,117.0,1145.0,9616.0
Webb County,250304.0,56350.0,67106.0,228480.0,246825.0,87061.0,87928.0,141419.0,158897.0,4.05,3.68,1.55,1.31,2.51,59473.0,292.0,263.0,459.0,23.0,5476.0,1135.0,63229.0,3133.0
Wharton County,41280.0,10820.0,15132.0,34854.0,40831.0,10916.0,11071.0,23938.0,29760.0,3.22,2.7,1.01,0.73,2.21,11295.0,2258.0,52.0,43.0,1.5,1290.0,192.0,4393.0,8361.0
Wheeler County,5410.0,1525.0,2181.0,4538.0,5364.0,1361.0,1371.0,3177.0,3993.0,2.98,2.46,0.89,0.63,2.08,1909.0,45.0,18.0,15.0,0.0,171.0,31.0,361.0,1743.0
Wichita County,131500.0,31663.0,49016.0,95503.0,119483.0,29768.0,30332.0,65735.0,89151.0,3.02,2.44,0.94,0.62,2.08,39926.0,4726.0,503.0,787.0,33.0,2163.0,878.0,5783.0,36772.0
Wilbarger County,13535.0,3498.0,5289.0,10571.0,12920.0,3320.0,3378.0,7251.0,9542.0,3.02,2.44,0.95,0.64,2.07,4309.0,372.0,57.0,34.0,2.0,415.0,101.0,1024.0,3760.0
Willacy County,22134.0,4607.0,5764.0,17201.0,18880.0,5865.0,5930.0,11336.0,12950.0,3.73,3.28,1.27,1.03,2.46,5029.0,35.0,21.0,27.0,0.0,550.0,121.0,4845.0,867.0
Williamson County,422679.0,111514.0,152606.0,357209.0,417582.0,119630.0,121190.0,237579.0,296392.0,3.2,2.74,1.07,0.79,2.13,125154.0,9230.0,889.0,6372.0,132.0,7900.0,2929.0,26023.0,108653.0
Wilson County,42918.0,11865.0,15009.0,37752.0,42367.0,11142.0,11334.0,26610.0,31033.0,3.18,2.82,0.94,0.76,2.24,13612.0,263.0,91.0,28.0,4.0,758.0,255.0,4799.0,9771.0
Winkler County,7110.0,1904.0,2578.0,6106.0,7013.0,2086.0,2109.0,4020.0,4904.0,3.21,2.72,1.1,0.82,2.11,1997.0,64.0,24.0,14.0,0.0,438.0,50.0,1143.0,1338.0
Wise County,59127.0,16095.0,21015.0,50920.0,58147.0,15118.0,15376.0,35802.0,42771.0,3.16,2.77,0.94,0.73,2.22,19386.0,116.0,141.0,66.0,20.0,984.0,314.0,2382.0,18122.0
Wood County,41964.0,12149.0,17118.0,34315.0,40861.0,8295.0,8507.0,26020.0,32354.0,2.82,2.39,0.68,0.5,2.14,15733.0,655.0,98.0,45.0,15.0,419.0,163.0,861.0,15346.0
Yoakum County,7879.0,2120.0,2643.0,7112.0,7826.0,2480.0,2501.0,4632.0,5325.0,3.35,2.96,1.17,0.95,2.18,2062.0,30.0,26.0,12.0,2.0,457.0,55.0,1280.0,1299.0
Young County,18550.0,5223.0,7343.0,15436.0,18271.0,4399.0,4458.0,11037.0,13813.0,2.96,2.49,0.84,0.61,2.11,6819.0,83.0,54.0,21.0,0.0,275.0,91.0,818.0,6337.0
Zapata County,14018.0,3423.0,4297.0,12729.0,13988.0,4768.0,4805.0,7961.0,9183.0,3.72,3.26,1.39,1.12,2.33,4014.0,28.0,16.0,11.0,0.0,225.0,23.0,3820.0,448.0
Zavala County,11677.0,2764.0,3573.0,10067.0,11268.0,3632.0,3660.0,6435.0,7608.0,3.64,3.15,1.31,1.02,2.33,3138.0,16.0,19.0,2.0,13.0,340.0,56.0,3273.0,280.0
